"Alugado","Atribuido","Descricao","fabricante","Fornecedor","NumSerie","Patrimonio","Tipo"
"sim","não","Notebook Hp com Fonte","HP","Manatech","BRJ746L2S2","","NOTEBOOK"
"não","não","Notebook Dell inspiron 14 - 5458","DELL","","1LCY9B92","","NOTEBOOK"
"não","não","Notebook Dell inspiron 14 - 5458","DELL","","BJSP172","","NOTEBOOK"
"não","não","Notebook Dell Inspiron 7472 com Carregador","DELL","","1T4SWQ2","","NOTEBOOK"
"sim","não","Notebook HP 240 G6 (Com carregador)","HP","Manatech","BRJ827T2J2","MNT134","NOTEBOOK"
"sim","não","Notebook Hp","HP","Manatech","BRJ746L2ST","","NOTEBOOK"
"não","não","Monitor DELL SE2216H","DELL","","BR-0H5MNV-TVB00-21Q1UGI-A03","1Q2NSH3","MONITOR"
"sim","não","Notebook Hp com fonte","HP","Manatech","BRJ746L2R9","","NOTEBOOK"
"sim","não","Notebook Hp","HP","Manatech","BRJ827T2MR","","NOTEBOOK"
"não","não","DELL INSPIRON 14 5458","DELL","","BH17CD2","","NOTEBOOK"
"sim","não","Notebook HP","HP","AP Networks","BRJ044DLBQ","032635","NOTEBOOK"
"não","não","Dell Monitor P1917S - 19.5 + KIT TECLADO E MOUSE","DELL","","J8QGZL3","001000","MONITOR"
"não","não","Iphone 6S 32gb Cinza Espacial com carregador","APPLE","","DV6WN0DRHFLR","","CELULAR"
"não","não","DELL LATITUDE 7480 COM CARREGADOR + KIT TECLADO E MOUSE","DELL","","CJBPDQ2","","NOTEBOOK"
"não","não","MOTOROLA MOTO G20 - XT2128-1","MOTOROLA","","ZF523PVPFF","","CELULAR"
"não","não","MONITOR DELL P1917S - 19.5","DELL","","J9QGZL3","","MONITOR"
"não","não","Notebook Dell latitude 9480","DELL","","CJ9PDQ2","","NOTEBOOK"
"não","não","Notebook Dell Inspiron 5480","DELL","","DOL14W2","","NOTEBOOK"
"não","não","Notebook Dell Vostro 5470 ","DELL","","8T04442","","NOTEBOOK"
"sim","não","Notebook Hp ","HP","Manatech","BRJ746L2QT","","NOTEBOOK"
"não","não","Monitor Dell 19.5","DELL","","G51QG83","","MONITOR"
"sim","não","Notebook Hp ","HP","AP Networks","BRJ044DLC4","032607","NOTEBOOK"
"não","não","Notebook Dell Vostro 5470","DELL","","FPFZB92","","NOTEBOOK"
"não","não","Notebook Dell Inspiron 7472","DELL","","7HDY2T2","","NOTEBOOK"
"sim","não","Notebook Hp","HP","AP Networks","BRJ041D8HV","032348","NOTEBOOK"
"não","não","Monitor Dell S2421H","DELL","","8RKK4H3","","MONITOR"
"não","não","Notebook Dell inspiron 14 5458","DELL","","9VBZVC2","","NOTEBOOK"
"sim","não","Notebook HP","HP","Manatech","BRJ741K5K4","","NOTEBOOK"
"sim","não","Notebook HP","HP","AP Networks","BRJ041D8CR","032346","NOTEBOOK"
"não","não","MOTO G20 XT2128-1","MOTOROLA","","TY2HSA5D4X","","CELULAR"
"não","não","Dell Latitude 5490","DELL","","9CLTFV2","","NOTEBOOK"
"não","não","Notebook Dell Latitude 5490","DELL","","9CJQFV2","","NOTEBOOK"
"sim","não","Notebook Hp","HP","Manatech","BRJ746L2TL","","NOTEBOOK"
"sim","não","Notebook Hp","HP","AP Networks","BRJ041D8D1","032364","NOTEBOOK"
"não","não","Monitor Dell 19","DELL","","P1917S","","MONITOR"
"não","não","Notebook Dell inspiron 5458","DELL","","HH8FMD2","","NOTEBOOK"
"não","não","Monitor dell 19 P1917S","DELL","","H9BDT73","","MONITOR"
"não","não","Notebook Dell Inspiron 14 - 7460","DELL","","BW6SFM2","","NOTEBOOK"
"sim","não","Notebook hp","HP","Manatech","BRJ746L2RG","","NOTEBOOK"
"não","não","Motorola Moto G7 PLAY - XT1952","MOTOROLA","","355580099922397 / 355580099922405","","CELULAR"
"não","não","Moto G8 POWER","MOTOROLA","","0065811015","359097103189976 / 359097103189984","CELULAR"
"sim","não","Notebook Hp G7 240","HP","AP Networks","BRJ044DLH1","032556","NOTEBOOK"
"não","não","Motorola Moto G20 - XT2128-1","MOTOROLA","","0065946519","","CELULAR"
"sim","não","Notebook Hp","HP","AP Networks","BRJ044DLDT","032512","NOTEBOOK"
"não","não","Dell Inspiron 14 - 5458","DELL","","7TKZ1H2","","NOTEBOOK"
"não","não","Monitor DELL 22 - SE2216H","DELL","","6M130D3","","MONITOR"
"não","não","Notebook Dell Inspiron 14 - 5458","DELL","","J71S172","","NOTEBOOK"
"não","não","Motorola Moto G20 - XT2128-1","MOTOROLA","","77142734","355463476085452 / 355463476085460","CELULAR"
"sim","não","Notebook Hp","HP","AP Networks","BRJ041D8C2","032335","NOTEBOOK"
"não","não","Notebook Dell latitude 5490","DELL","","9CKYFV2","","NOTEBOOK"
"não","não","Motorola Moto G8 PLAY - XT2015-2","MOTOROLA","","ZF52282HJS","","CELULAR"
"não","não","Notebook Dell Inspiron 7472","DELL","","99PT9R2","","NOTEBOOK"
"não","não","Motorola Moto G8 PLAY - XT2015-2","MOTOROLA","","ZF52282QBP","","CELULAR"
"não","não","Notebook Dell Latitude 5490","DELL","","9CLYFV2","","NOTEBOOK"
"não","não","Motorola Moto G8 PLAY - XT2015-2","MOTOROLA","","ZF52282J49","","CELULAR"
"não","não","Notebook Dell Inspiron 15 / 3567","DELL","","GS813T2","","NOTEBOOK"
"sim","não","Notebook Hp","HP","AP Networks","BRJ044DL92","032594","NOTEBOOK"
"não","não","Dell Monitor P1917S - 19.5","DELL","","JBWJZL3","","MONITOR"
"sim","não","Notebook HP ","HP","Manatech","BRJ827T2HT","","NOTEBOOK"
"não","não","Motorola Moto G7 PLAY - XT1952","MOTOROLA","","0055435731","354143103164836 / 354143103164844","CELULAR"
"sim","não","Notebook Hp com carregador","HP","AP Networks","BRJ103GTBM","033332","NOTEBOOK"
"sim","não","Notebook Hp com carregador","HP","AP Networks","BRJ044DLFQ","032656","NOTEBOOK"
"sim","não","Notebook Hp com carregador","HP","AP Networks","BRJ043DKKF","032604","NOTEBOOK"
"não","não","Motorola Moto G20 - XT2128-1","MOTOROLA","","ZF52344VGH","352256270722475 / 352256270722483","CELULAR"
"não","não","Dell Monitor P1917S - 19.5","DELL","","J8ZJTB3","","MONITOR"
"sim","não","Notebook Hp 240 G7 com carregador","HP","AP Networks","BRJ044DLBT","032551","NOTEBOOK"
"não","não","Motorola Moto G7 POWER - XT1955-1","MOTOROLA","","0054414253","359506095975614 / 359506095975622","CELULAR"
"não","não","Notebook Dell P92G + teclado e mouse","DELL","","D0744W2","","NOTEBOOK"
"não","não","Samsung Galaxy s9 128gb com carregador e fone","SAMSUNG","","RX8M80DP06F","","CELULAR"
"sim","não","Notebook Hp","HP","Manatech","BRJ827T2NH","","NOTEBOOK"
"sim","não","Notebook Hp","HP","AP Networks","BRJ044DLCN","032627","NOTEBOOK"
"não","não","Motorola Moto G20 - XT2128-1","MOTOROLA","","355463475206711 / 355463475206729","","CELULAR"
"sim","não","Notebook Hp G7 240","HP","AP Networks","BRJ041D8DK","032357","NOTEBOOK"
"sim","não","Notebook hp 240 g7","HP","AP Networks","BRJ044DL9K","032479","NOTEBOOK"
"sim","não","Notebook hp 240 g7","HP","AP Networks","BRJ041D8DH","032361","NOTEBOOK"
"não","não","Monitor Dell P1917S","DELL","","3Q06ZL3","","MONITOR"
"não","não","Monitor Dell P1917S","DELL","","75Y6ZL3","","MONITOR"
"não","não","Moto G7 Power com carregador","MOTOROLA","","359506095975614/359506095975622","","CELULAR"
"não","não","Notebook Dell Latitude 5400 + teclado e mouse","DELL","","809MN33","","NOTEBOOK"
"não","não","Motorola Moto G8 Power Lite - XT2055-2","MOTOROLA","","IDHT56YT1","","CELULAR"
"não","não","Notebook Dell latitude 5490","DELL","","9CJWFV2","000660","NOTEBOOK"
"não","não","Monitor Dell P1917S","DELL","","OKRF68-TVB00-85M-08NL-A06","","MONITOR"
"não","não","Celular Motorola Moto G7 - XT1952","MOTOROLA","","0055448247","","CELULAR"
"não","não","Notebook Dell Inspiron 5480 com carregador","DELL","","D0G34W2","","NOTEBOOK"
"não","não","Monitor Dell SE2216H","DELL","","1KC8253","","MONITOR"
"não","não","Monitor Dell 1917S","DELL","","CN-02PWVC-TV100-23D-1B7B-A19","","MONITOR"
"não","não","Notebook Dell Latitude 7480","DELL","","CJ9PDQ2","","NOTEBOOK"
"não","não","Monitor Dell P1917S","DELL","","CN-02WVC-TV100-23D-1BBB-A19","","MONITOR"
"não","não","Monitor Dell P1917S","DELL","","CN-03GTCV-72872-3BF-C5ML","","MONITOR"
"não","não","Monitor Dell P1917S","DELL","","BR-03GTCV-72872-3BF-A2JL","","MONITOR"
"não","não","Dell Latitude 5490","DELL","","9CKRFV2","","NOTEBOOK"
"não","não","Monitor Dell P1917S","DELL","","BR-0DF3YF-TVB00-69F-0I4L-A00","","MONITOR"
"não","não","Monitor Dell P1917S","DELL","","BR-0KTF68-TVB00-85M-0THL-A06","000992","MONITOR"
"não","não","Monitor Dell P1917S","DELL","","CN-02PWVC-TV100-135-0LJB-A17","","MONITOR"
"não","não","Monitor Dell P1917S","DELL","","BR-0KTF68-TVB00-88H-04LL-A06","000570","MONITOR"
"não","não","Celular Motorola Moto G8 Power XT2041-1","MOTOROLA","","0066592037","","CELULAR"
"não","não","MONITOR DELL P1917S","DELL","","BR-0KTF68-TVB00-85M-080L-A06","000998","MONITOR"
"não","não","Monitor Dell P2018Hc","DELL","","BR-0KTF68-TVBOO-8CA-1E0L-A06","","MONITOR"
"não","não","Monitor DELL Modelo P2018Hc","DELL","","BR-00CPG1-TVB00-1AK-0HRU-A13","000353","MONITOR"
"não","não","Monitor CCE LN24GSN","CCE","","114 BNQMIL00GTP8YS0036","","MONITOR"
"não","não","Celular Motorola Moto G9 XT2087-1","MOTOROLA","","0073380793","","CELULAR"
"não","não","Monitor AOC E22705","AOC","","FMY5AIA001342","0519","MONITOR"
"não","não","Monitor Dell P1917S","DELL","","CN-02PWVC-TV100-135-0LJB","","MONITOR"
"não","não","Celular Motorola Moto G22 XT2231-1","MOTOROLA","","0079033734","","CELULAR"
"sim","não","Notebook Hp g7 240","HP","AP Networks","BRJ044DLB4","032491","NOTEBOOK"
"não","não","Monitor Dell P1917S","DELL","","BR-0KTF68-TVB00-85M-080L-A06","","MONITOR"
"sim","não","Notebook Hp G6 240","HP","AP Networks","BRJ848ZWPH ","031138","NOTEBOOK"
"não","não","Monitor Dell P2018h","DELL","","BR-00CPG1-TVB00-1AK-41UU-A13","","MONITOR"
"não","não","Monitor Dell P1917S","DELL","","CN-02PWVC-TV100-21E-00WB","","MONITOR"
"não","não","Moto G8 lite c/ carregador","MOTOROLA","","0068530063","","CELULAR"
"não","não","Monitor Dell P1917S","DELL","","S/T: 4XY31V2","000579","MONITOR"
"não","não","Notebook Dell Vostro 5481 ","DELL","","H81PQX2","","NOTEBOOK"
"não","não","Monitor Dell P1917S","DELL","","CN-02PWVC-TV100-23D-1BEB-A19","","MONITOR"
"não","não","Motorola Moto G8 PLAY - XT2015-2","MOTOROLA","","ZF52282J49","","CELULAR"
"não","não","Monitor Dell P1917S","DELL","","BR-0KTF68-TVB00-88H-087L-A06","","MONITOR"
"sim","não","Notebook hp G7","HP","AP Networks","BRJ044DL8H","032502","NOTEBOOK"
"não","não","Motorola Moto G8 POWER","MOTOROLA","","0065811015","","CELULAR"
"não","não","Monitor DELL 22","DELL","","SE2216H","","MONITOR"
"sim","não","Notebook Hp G7","HP","AP Networks","BRJ043DKLY","032493","NOTEBOOK"
"não","não","Dell Inspiron 7472 ","DELL","","1T3WWQ2","","NOTEBOOK"
"não","não","Monitor AOC","AOC","","FMY5AIA001273","000918","MONITOR"
"não","não","Moto G20","MOTOROLA","","ZF523NSLJJ","","CELULAR"
"sim","não","Notebook Hp 240 G6","HP","AP Networks","BRJ848ZWSQ","031176","NOTEBOOK"
"não","não","Monitor Dell P1917S","DELL","","BR-OKTF68-TVB00-86J-0QDL-A06","","MONITOR"
"não","não","Notebook Dell Latitude 5490","DELL","","80J13T2","","NOTEBOOK"
"não","não","Monitor Dell P1917S","DELL","","CN-03GTCV-72872-3BF-AV4L","000055","MONITOR"
"não","não","Monitor Dell P1917S","DELL","","45P5TM2","","MONITOR"
"não","não","Celular Motorola Moto G100 XT2125-4","MOTOROLA","","0073323543","","CELULAR"
"não","não","Monitor Dell P1917S","DELL","","CN-02PWVC-TV100-23D-1BEB-A19","","MONITOR"
"não","não","Monitor Dell P1917S","DELL","","CN-PWVC-TV100-9B8-2SLL-A12","","MONITOR"
"não","não","Notebook Dell Latitude 5490","DELL","","141JQX2","","NOTEBOOK"
"não","não","Monitor Philips 227E6E","PHILIPS","","FXOA1540051434","","MONITOR"
"não","não","Monitor DELL P1917S","DELL","","BR-0KTF68-TVB00-85M-0DTL-A06","","MONITOR"
"não","não","Notebook Dell Inspiron 7472 com carregador","DELL","","7N3L5V2","","NOTEBOOK"
"não","não","Monitor Dell P19175","DELL","","J8ZJTB3 ","","MONITOR"
"não","não","Monitor Dell P1917S","DELL","","BR-0KTF68-TVB00-BCA-1FGL-A06","","MONITOR"
"sim","não","Notebook Hp 240 g6 (Manatech) ","HP","Manatech","BRJ846YZJ7","","NOTEBOOK"
"sim","não","Notebook Hp G7 240","HP","AP Networks","BRJ033CLSJ","032326","NOTEBOOK"
"não","não","P1917S","DELL","","CN-02PWVC-TV100-24K-053B","","MONITOR"
"não","não","P1917S","DELL","","CN-02PWVC-TV100-24K-059B","","MONITOR"
"não","não","P1917S","DELL","","CN-02PWVC-TV100-218-1AUB-A19","","MONITOR"
"sim","não","Notebook Hp G7 240","HP","AP Networks","BRJ044DLGN","032567","NOTEBOOK"
"sim","não","Notebook Hp G7 240","HP","AP Networks","BRJ044DLFK","032482","NOTEBOOK"
"não","não","Celular Motorola Moto G(20)","MOTOROLA",""," ZF523NSLJJ","","CELULAR"
"sim","não","Notebook Hp G8 240","HP","AP Networks","BRJ22908RG","036060","NOTEBOOK"
"sim","não","Notebook Hp G8 240","HP","AP Networks","BRJ229093V"," 036062","NOTEBOOK"
"não","não","Monitor Dell P2222H","DELL","","BR- OVW2GP-TVB00-276-39GB","2Z23ZM3","MONITOR"
"não","não","Monitor Dell P2222H","DELL","","BR-0VW2GP-TVB00-276-4RBB","SERVICE  TAG: 4W74ZM3","MONITOR"
"não","não","Monitor Dell 24 pol 0H59W1","DELL","","BR-H59W1-TVB00-291-0FUL","SERVICE TAG: B9XSG83","MONITOR"
"não","não","Monitor Dell P2222H","DELL","","BR-0VW2GP-TVB00-26R-160L","SERVICE TAG: JJ44ZM3","MONITOR"
"não","não","Monitor P2222H","DELL","","BR-0VW2GP-TVB00-271-4J5B","SERVICE TAG: 8TF2ZM3","MONITOR"
"não","não","Monitor Dell P2222H","DELL","","BR-0VW2GP-TVB00-271-4JNB","SERVICE TAG: 8C83ZM3","MONITOR"
"não","não","Celular Motorola EDGE 20 PRO - XT2153-1","MOTOROLA","","UA4HSA2CGD","","CELULAR"
"não","não","MOTOROLA EDGE 20 PRO - XT2153-1","MOTOROLA","","UA4HSA299W","","CELULAR"
"não","não","MOTOROLA EDGE 20 PRO - XT2153-1","MOTOROLA","","UA4HSA2C6G","","CELULAR"
"não","não","MOTOROLA EDGE 20 PRO - XT2153-1","MOTOROLA","","UA6HSN25FM","","CELULAR"
"sim","não","NOTEBOOK HP 240 G7","HP","AP Networks","BRJ041D8C4","032367","NOTEBOOK"
"sim","não","Notebook hp G8","HP","AP Networks","BRJ2290B7N","036095","NOTEBOOK"
"não","não","Monitor Dell P2222H","DELL","","BR-0VW2GP-TVB00-274-3AJL-A01","","MONITOR"
"não","não","Celular SAMSUNG GALAXY S20 FE SM- G781B/DS","SAMSUNG","","RXCTA07L4SL","IMEI: 350456243073178 / 350456243073178","CELULAR"
"não","não","Monitor Dell P2222H","DELL","","BR-0VW2GP-TVB00-276-39GB","","MONITOR"
"não","não","Celular Moto G8 Power Lite XT2055-2","MOTOROLA","","ZF5232LHLB","","CELULAR"
"não","não","Celular Motorola Moto G10 XT2127-1","MOTOROLA","","ZF523DQDNC","352617326181513 / 352617326181521","CELULAR"
"sim","não","Notebook HP G8 250","HP","AP Networks","BRJ23415RF","LE2246","NOTEBOOK"
"sim","não","Notebook G8 250","HP","AP Networks","BRJ23415S0","LE2245","NOTEBOOK"
"sim","não","Notebook HP G8 250","HP","AP Networks","BRJ23415KW","LE2244","NOTEBOOK"
"sim","não","Notebook HP G8 250","HP","AP Networks","BRJ23415WP","LE2243","NOTEBOOK"
"não","não","Notebook Dell XPS 13","DELL","","DDQ37V3","","NOTEBOOK"
"não","não","Celular SAMSUNG Galaxy S21 FE","SAMSUNG",""," RQCT802HLRB","351331721342222/351331721342224","CELULAR"
"não","não","Celular SAMSUNG Galaxy S21 FE","SAMSUNG","","RQCT802HCRH","351331721339582/351331721339584","CELULAR"
"não","não","Celular Motorola Moto G20","MOTOROLA","","ZF523NRTGK","355463475223617/355463475223625","CELULAR"
"sim","não","Notebook Dell Latitude 3410","DELL","Selbetti","7GYSF73","75WJ","NOTEBOOK"
"sim","não","Notebook Dell Latitude 3410","DELL","Selbetti","DLYSF73","40WK","NOTEBOOK"
"sim","não","Notebook Dell Latitude 3410","DELL","Selbetti","5KY5F73","46WK","NOTEBOOK"
"sim","não","Notebook Dell Latitude 3490","DELL","Selbetti","9DPQFV2","NBT4","NOTEBOOK"
"sim","não","Notebook Dell Latitude 3490","DELL","Selbetti","NBT8","NBT8","NOTEBOOK"
"sim","não","Notebook Dell Latitude 3490","DELL","Selbetti","NBT7","NB17","NOTEBOOK"
"sim","não","Notebook Dell latitude 3490","DELL","Selbetti","1N8J5V2","NBT6","NOTEBOOK"
"sim","não","Notebook Dell Latitude 3490","DELL","Selbetti","JMKY2T2","NBT5","NOTEBOOK"
"não","não","Notebook Dell Latitude 5480","DELL","","1X11XQ2","","NOTEBOOK"
"não","não","Celular Samsung Galaxy S20 FE SM-G781B/DS","SAMSUNG","","RQCTA00XR7X","IMEI: 350320122078196 IMEI 2: 351504832078196","CELULAR"
"não","não","Monitor Dell P2222H","DELL","","BR-0VW2GP-TVB00-274-0L3L","CQ23ZM3","MONITOR"
"não","não","Monitor Dell P2222H","DELL","","BR-0VW2GP-TVB00-26O-53OB","9M53ZM3","MONITOR"
"não","não","Monitor Dell P2222H","DELL","","BR-0VW2GP-TVB00-274-0MML","CS93ZM3","MONITOR"
"não","não","Monitor Dell P2222H","DELL","","BR-0VW2GP-TVB00-274-0LUL-A01","CQJ3ZM3","MONITOR"
"não","não","Monitor Dell P2222H","DELL","","BR-0VW2GP-TVB00-274-0M3L-A01","CVZ3ZM3","MONITOR"
"não","não","Monitor Dell P2222H","DELL","","BR-0VW2GP-TVB00-271-2REB","2M54ZM3","MONITOR"
"não","não","Monitor Dell P2222H","DELL","","BR-0VW2GP-TVB00-274-29RL-A01","5VR3ZM3","MONITOR"
"não","não","Monitor Dell P2222H","DELL","","BR-0VW2GP-TVB00-274-256L-A01","5D23ZM3","MONITOR"
"não","não","Monitor Dell P2222H","DELL","","BR-0VW2GP-TVB00-274-26EL-A01","5FZ3ZM3","MONITOR"
"não","não","Monitor Dell P2222H","DELL","","BR-0VW2GP-TVB00-274-237L-A01","45S3ZM3","MONITOR"
"não","não","Monitor Dell P1917S","DELL","","CN-02PWVC-TV100-26F-146B-A20","FV0BZL3","MONITOR"
"sim","não","Notebook Dell Latitude 5490","DELL","Selbetti","9P054W2","SELB - PGD8","NOTEBOOK"
"sim","não","Notebook Dell Latitude 5490","DELL","Selbetti","9NZ64W2","SELB - PGD9","NOTEBOOK"
"não","não","Notebook Dell Inspiron 14 - 7460","DELL","","BW5YFM2","","NOTEBOOK"
"não","não","Monitor Dell P1917S","DELL","","BR-0DF3YF-70713-66P-07RL","","MONITOR"
"não","não","Notebook Dell XPS 13 - 9320","DELL","","FDQ37V3","","NOTEBOOK"
"não","não","Monitor Dell P2018H","DELL","","BR-00CPG1-TVB00-1AG-1KAU-A13","","MONITOR"
"não","não","Monitor Dell P2222H","DELL","","BR-0VW2GP-TVB00-271-2REB-A01","","MONITOR"
"não","não","Celular Motorola Moto Edge 30 Pro","MOTOROLA","","79500344","","CELULAR"
"não","não","Celular Motorola Moto G8","MOTOROLA","","ZF52345PQV","","CELULAR"
"sim","não","Notebook HP G6 240","HP","AP Networks","BRJ848ZX1C","031140","NOTEBOOK"
"não","não","Celular Motorola Moto G20","MOTOROLA","","ZF523NRQJ7","","CELULAR"
"não","não","Monitor Dell P1917S","DELL","","CN-03GTCV-72872-3BF-C5RL-A00","","MONITOR"
"sim","não","Notebook Hp G8 240","HP","AP Networks","BRJ229090Z","036065","NOTEBOOK"
"sim","não","Notebook Dell Latitude 5490","DELL","Selbetti","1FFGYR2","NBS8","NOTEBOOK"
"sim","não","Notebook Hp G7 240","HP","AP Networks","BRJ111J6SG","033630","NOTEBOOK"
"não","não","Celular Motorola Moto G8 XT2045-1","MOTOROLA","","359111102615657 / 359111102615665","","CELULAR"
"sim","não","Notebook HP G6 240","HP","Manatech","BRJ840X3DR","MNT-163","NOTEBOOK"
"não","não","Monitor Dell P1917S","DELL","","CN-02PWVC-TV100-21E-00PB-A19","","MONITOR"
"sim","não","Notebook Hp G8 250","HP","AP Networks","BRJ2514JB7","LE2839","NOTEBOOK"
"sim","não","Notebook Hp G8 250","HP","AP Networks","BRJ2514JGK","LE2763","NOTEBOOK"
"sim","não","Notebook Hp G8 250","HP","AP Networks","BRJ23414V7","LE2761","NOTEBOOK"
"sim","não","Notebook Hp G8 250","HP","AP Networks","BRJ23414R1","LE2813","NOTEBOOK"
"não","não","Celular Samsung S21 FE","SAMSUNG","","351331721107799","","CELULAR"
"não","não","Celular Samsung S21 FE","SAMSUNG","","351331721107484","","CELULAR"
"não","não","Celular Samsung S21 FE","SAMSUNG","","351331721111569","","CELULAR"
"não","não","Celular Samsung S21 FE","SAMSUNG","","351331721107435","","CELULAR"
"não","não","Celular Samsung S21 FE","SAMSUNG",""," 351331721107815","","CELULAR"
"não","não","Celular Samsung S21 FE","SAMSUNG",""," 351331721107047","","CELULAR"
"não","não","Celular Samsung S21 FE","SAMSUNG",""," 351331721113532","","CELULAR"
"não","não","Celular Motorola Moto Edge 30 PRO","MOTOROLA","","353725681784992","","CELULAR"
"não","não","Monitor Dell S2421HN","DELL","","BR-0H59W1-TVB00-291-0FUL","","MONITOR"
"não","não","Monitor Dell P1917S","DELL","","CN-02PWVC-TV100-23D-1BFB-A19","","MONITOR"
"sim","não","Notebook Dell Latitude 5490","DELL","Selbetti","9NN54W2","PTM1","NOTEBOOK"
"sim","não","Notebook Dell Latitude 3410","DELL","Selbetti","GB0XC73","SELB-37WL","NOTEBOOK"
"não","não","Iphone 6s 128gb","APPLE","","FK1QL0QMGRYH","","CELULAR"
"não","não","Celular Iphone 6s 32Gb","APPLE","","DV6WG1LRHFLR","","CELULAR"
"não","não","Celular Motorola Moto Edge 30 Pro","MOTOROLA","","0079500344","","CELULAR"
"não","não","Monitor Dell P1917S","DELL","","BR-0KTF68-TVB00-BCA-10JL-A06","000281","MONITOR"
"não","não","Monitor Dell P1917S","DELL","","BR-0LTF68-TVB00-85M-080L-A06","","MONITOR"
"não","não","Monitor Dell P1917S","DELL","","BR-0KTF68-TVB00-BCA-1FGL-A06","","MONITOR"
"não","não","Monitor Dell P2222H","DELL","","45S3ZM3","","MONITOR"
"sim","não","Notebook Hp G8 250","HP","AP Networks","BRJ23414QT","LE2812","NOTEBOOK"
"sim","não","Notebook Hp G8 250","HP","AP Networks","BRJ23414TW","LE2760","NOTEBOOK"
"sim","não","Notebook Hp G8 250 16gb","HP","AP Networks","BRJ23415AZ","LE3652","NOTEBOOK"
"sim","não","Notebook Hp G8 250 16gb","HP","AP Networks","BRJ234158Q","LE3655","NOTEBOOK"
"sim","não","Notebook Hp G8 250 16gb","HP","AP Networks","BRJ234156N","LE3651","NOTEBOOK"
"sim","não","Notebook Hp G8 250 16gb","HP","AP Networks","BRJ2341563","LE3640","NOTEBOOK"
"sim","não","Notebook Hp G8 250 16gb","HP","AP Networks","BRJ234156R","LE3644","NOTEBOOK"
"sim","não","Notebook Hp G8 250 16gb","HP","AP Networks","BRJ2341570","LE3643","NOTEBOOK"
"sim","não","Notebook Hp G8 250 16gb","HP","AP Networks","BRJ234155Q","LE3657","NOTEBOOK"
"sim","não","Notebook Hp G8 250 16gb","HP","AP Networks","BRJ2341553","LE3653","NOTEBOOK"
"sim","não","Notebook Hp G8 250 16gb","HP","AP Networks","BRJ234158B","LE3654","NOTEBOOK"
"sim","não","Notebook Hp G8 250 16gb","HP","AP Networks","BRJ234157W","LE3656","NOTEBOOK"
"não","não","Monitor Dell P2222h","DELL","","BR-0VW2GP-TVB00-32R-2FIL-A01","1HLMQK3","MONITOR"
"não","não","Monitor Dell P2222h","DELL","","BR-0VW2GP-TVB00-32R-2E7L-A01","1GHNQK3","MONITOR"
"não","não","Monitor Dell P2222h","DELL","","BR-0VW2GP-TVB00-32R-2ELL-A01","000939","MONITOR"
"não","não","Monitor Dell P2222h","DELL","","BR-OVW2GP-TVB00-32R-2FJL-A01","1HQNQK3","MONITOR"
"não","não","Motorola Edge 20 lite","MOTOROLA","","0077792172","","CELULAR"
"não","não","Monitor Dell P2222h","DELL","","BR-0VW2GP-TVB00-32H-401B-A01","9C9MQK3","MONITOR"
"não","não","Monitor Dell P2222h","DELL","","BR-0VW2GP-TVB00-32H-406B-A01","8Y4PQK3","MONITOR"
"não","não","Monitor Dell P2222h","DELL","","BR-0VW2GP-TVB00-32H-18SB-A01","JPRMQK3","MONITOR"
"não","não","Monitor Dell P2222h","DELL","","BR-OVW2GP-TVB00-32H-1VMB-A01","HRGNK3","MONITOR"
"não","não","Monitor Dell P2222h","DELL","","BR-0H59W1-TVB00-346-225L-A00","3DZSGR3","MONITOR"
"não","não","Celular Samsung S20FE","SAMSUNG","","350456243073178","","CELULAR"
"não","não","Celular Motorola Edge 20 PRO","MOTOROLA","","353725681755570","","CELULAR"
"não","não","Celular Motorola Edge 20 PRO","MOTOROLA","","353725681789439","","CELULAR"
"não","não","Monitor Dell P1917S","DELL","","BR-0DF3YF-70713-66P-060L","","MONITOR"
"não","não","Monitor Dell P2222h","DELL","","BR-0VW2GP-TVB00-32R-24VL-A01","","MONITOR"
"não","não","Celular Samsung S21 FE","SAMSUNG","","RQCT701LQXF","","CELULAR"
"não","não","Monitor Dell P2222Ht","DELL","","BR-0VW2GP-TVB00-32R-2EJL-A01","000959","MONITOR"
"não","não","Monitor Dell P1917S","DELL","","BR-0DF3YF-70713-67J-2KRL-A00","","MONITOR"
"não","não","Monitor Samsung F22T350FH","SAMSUNG","","Y4SHHX5T303223K","","MONITOR"
"sim","não","Notebook Dell Latitude 5490 (Selbetti)","DELL","Selbetti","9NC14W2","SELB-PTM3","NOTEBOOK"
"sim","não","Notebook Hp 250 G8","HP","AP Networks","BRJ23415RP","LE3589","NOTEBOOK"
"sim","não","Notebook Hp 250 G8","HP","AP Networks","BRJ23415S9","LE3588","NOTEBOOK"
"sim","não","Notebook Hp 250 G8","HP","AP Networks","BRJ23415H2","LE3578","NOTEBOOK"
"sim","não","Notebook Hp 250 G8","HP","AP Networks","BRJ23415R2","LE3586","NOTEBOOK"
"sim","não","Notebook Hp 250 G8","HP","AP Networks","BRJ2514JF9","LE2880","NOTEBOOK"
"sim","não","Notebook Hp 250 G8","HP","AP Networks","BRJ23415GN","LE3579","NOTEBOOK"
"sim","não","Notebook Hp 250 G8","HP","AP Networks","BRJ2514HZY","LE2879","NOTEBOOK"
"sim","não","Notebook Hp 250 G8","HP","AP Networks","BRJ23415FT","LE3599","NOTEBOOK"
"sim","não","Notebook Hp G8","HP","AP Networks","BRJ23415RS","LE3604","NOTEBOOK"
"sim","não","Notebook Hp 250 G8","HP","AP Networks","BRJ23415PV","LE3585","NOTEBOOK"
"não","não","Celular Motorola Edge 20 Pro","MOTOROLA","","SVN8D44327","","CELULAR"
"não","não","Monitor Dell P2222H","DELL","","BR-OVW2GP-TVB00-33N-37OB","","MONITOR"
"não","não","Monitor Dell P2222H","DELL","","BR-0VW2GP-TVB00-33N-2D7B","","MONITOR"
"não","não","Monitor Dell P2222H","DELL","","BR-0VW2GP-TVB00-33N-4AJB","","MONITOR"
"não","não","Monitor Dell P2222H","DELL","","BR-OVW2GP-TVB00-33N-4B5B","","MONITOR"
"não","não","Monitor Dell P2222H","DELL","","BR-OVW2GP-TVB00-33N-4BQB","","MONITOR"
"sim","não","Notebook Hp 250 G8","HP","AP Networks","BRJ234154Z","LE3652","NOTEBOOK"
"não","não","Monitor Dell P1917S","DELL","","BR-0KTF68-TVB00-8CA-10EL-A06","000999","MONITOR"
"sim","não","Notebook Hp G7 240 (APNETWORKS)","HP","AP Networks","BRJ044DLBK","032676","NOTEBOOK"
"não","não","Dell Inspiron 14 - 5458","DELL","","8D8Z9B2","","NOTEBOOK"
"sim","não","Notebook Lenovo V15 G2","LENOVO","Selbetti","SPE08DN1L","SELB-NED1","NOTEBOOK"
"não","não","HD EXTERNO (1Tb)","SEAGATE","","NACCS8K0","","UNIDADE DE ARMAZENAMENTO MOVEL"
"sim","não","Notebook Dell Vostro 15 3510","DELL","Selbetti","1BW67T3","SELB-MOI6","NOTEBOOK"
"sim","não","Notebook 240 G7 (APNETWORKS)","HP","AP Networks","BRJ044DLF7","032569","NOTEBOOK"
"sim","não","Notebook Dell Vostro 15 3510","DELL","Selbetti","7PG45R3","SELB-KWD1","NOTEBOOK"
"sim","não","Notebook Dell Vostro 15 3510","DELL","","73KJRM3","SELB-DOJ7","NOTEBOOK"
"sim","não","Notebook Dell Vostro 15 3510","DELL","Selbetti","B8W67T3","SELB-MOI7","NOTEBOOK"
"sim","não","Notebook Dell Vostro 15 3510","DELL","Selbetti","20H4KN3","SELB-GWQ8","NOTEBOOK"
"não","não","Notebook Dell Inspiron 3501","DELL","","FYJXQK3","","NOTEBOOK"
"sim","não","Notebook Dell Latitude 3490(Selbetti)","DELL","Selbetti","1N9N5V2","SELB-NBT7","NOTEBOOK"
"não","não","Monitor Dell P1917S","DELL","","BR-0KTF68-TVB00-8CA-10JL-A06","","MONITOR"
"não","não","Monitor Dell E2222HS","DELL","","BR-04VR43-TVB00-331-23HZ-A05","","MONITOR"
"não","não","Monitor P1917S","DELL","","BR-0DF3YF-70713-67J-2KQL-A00","","MONITOR"
"não","não","Notebook Dell Vostro 15 3510","DELL","","8LH31N3","","NOTEBOOK"
"não","não","Dock Station D3100","DELL","","CN-036M9K-25960-6CC-402Y-A06","","DOCK STATION"
"não","não","Monitor Dell P2222H","DELL","","BR-0VW2GP-TVB00-32H-1VMB-A01","","MONITOR"
"não","não","Monitor P2018H","DELL","","BR-00CPG1-TVB00-1AG-1K1U-A13","","MONITOR"
"não","não","Notebook Dell Latitude 3410","DELL","","HN1W9D3","","NOTEBOOK"
"não","não","Monitor Dell S2421H","DELL","","CN-0FCN44-WSL00-211-A2YL-A01","","MONITOR"
"não","não","Monitor Dell P2222h","DELL","","BR-0VW2GP-TVB00-32H-1VNB-A01","","MONITOR"
"não","não","Notebook Dell XPS 13 Plus 9320","DELL","","6BP3YY3","","NOTEBOOK"
"não","não","Monitor Dell P1917S","DELL","","BR-0KTF68-TVB0085M-12KL-A06","000293","MONITOR"
"não","não","Monitor Dell P2222H","DELL","","BR-OVW2GP-TVB00-33N-4AJB","","MONITOR"
"não","não","Notebook Lenovo B330","LENOVO","","PE05JAGM","","NOTEBOOK"
"não","não","Monitor Dell P2222H","DELL","","BR-OVW2GP-TV00-33N-2D7B-A01","","MONITOR"
"não","não","Monitor Dell P2222h","DELL","","BR-04VR43-TVB00-33L-078Z-A05","","MONITOR"
"sim","não","Notebook Lenovo Thinkpad(AP)","LENOVO","AP Networks","SPE06RY9J","034059","NOTEBOOK"
"sim","não","Notebook Hp G8 250","HP","AP Networks"," BRJ2514JB7","LE2839","NOTEBOOK"
"não","não","Celular Motorola Edge 20 PRO","MOTOROLA","","0076988225","","CELULAR"
"não","não","Monitor Dell P2222h","DELL","","BR-0VW2GP-TVB00-366-6MGB","","MONITOR"
"sim","não","Notebook Dell Latitude 3420","DELL","AP Networks","2YQV9V3","037207","NOTEBOOK"
"sim","não","Notebook Dell Latitude 3420","DELL","AP Networks","5WQV9V3","037199","NOTEBOOK"
"sim","não","Notebook Dell Latitude 3420","DELL","AP Networks","HNHNFT3","036718","NOTEBOOK"
"não","não","Notebook Dell Vostro 14-5480","DELL","","9VSZVC2","","NOTEBOOK"
"não","não","Celular Motorola Moto G10","MOTOROLA","","ZF523DG5K9","356604941622192/356604941622200","CELULAR"
"sim","não","Notebook Dell Latitude 3420","DELL","AP Networks","50RV9V3","037211","NOTEBOOK"
"sim","não","Notebook Dell Latitude 3420","DELL","AP Networks","1YQV9V3","037195","NOTEBOOK"
"sim","não","Notebook Dell Latitude 3420","DELL","AP Networks","B0RV9V3","037209","NOTEBOOK"
"sim","não","Notebook Dell Latitude 3420","DELL","AP Networks","51RV9V3","037194","NOTEBOOK"
"não","não","Celular Samsung Galaxy M54 5G","SAMSUNG","","RQCW8074TYW","353065223817426/356731583817424","CELULAR"
"não","não","Celular Samsung Galaxy M54 5G","SAMSUNG","","RQCW8079SLJ","353065223871431/356731583871439","CELULAR"
"sim","não","Notebook Dell Latitude 3420","DELL","AP Networks","6Q39VQ3","036714","NOTEBOOK"
"sim","não","Notebook Dell Latitude 3420","DELL","AP Networks","41RV9V3","037198","NOTEBOOK"
"sim","não","Notebook Dell Latitude 3420","DELL","AP Networks","31RV9V3","037193","NOTEBOOK"
"não","não","Celular Motorola Edge 20","MOTOROLA","","0076962507","359993322931992/359993322932008","CELULAR"
"não","não","Celular Motorola Edge 20 lite","MOTOROLA","","ZY22CZDDXX","357353420749279/357353420749287","CELULAR"
"não","não","Monitor Dell P2222H","DELL","","BR-0VW2GP-TVB00-366-64IB","8PQ4ZM3","MONITOR"
"sim","não","Notebook Lenovo ThinkPad T14","LENOVO","AP Networks","PE0AXMBD","037732","NOTEBOOK"
"sim","não","Notebook Lenovo Thinkpad T14","LENOVO","AP Networks","PE0AXMBP","037733","NOTEBOOK"
"sim","não","Notebook Hp G7 240","HP","AP Networks","BRJ111J5SG","033630","NOTEBOOK"
"sim","não","Notebook Dell Latitude 3420","DELL","AP Networks","BRHNFT3","036716","NOTEBOOK"
"não","não","Monitor Dell P1917s","DELL","","BR-0DF3YF-TVB00-69F-0C1L-A00","","MONITOR"
"não","não","Monitor Dell P1917s","DELL","","BR-OKTF68-TVB00-85M-0DSL-A06","","MONITOR"
"não","não","Monitor Dell P1917s","DELL","","CN-03GTCV-72872-3BF-A2JL","000041","MONITOR"
"sim","não","Notebook Dell Latitude 3420","DELL","AP Networks","61RV9V3","037206","NOTEBOOK"
"sim","não","Notebook Dell Latitude 3420","DELL","AP Networks","FQHNFT3","036717","NOTEBOOK"
"sim","não","Notebook Dell Latitude 3420","DELL","AP Networks","11RV9V3","037204","NOTEBOOK"
"não","não","Celular Galaxy A54 5G","SAMSUNG","","RXCW604JCMJ","357799152428435/359088342428432","CELULAR"
"não","não","Celular Samsung Galaxy A54 5G","SAMSUNG","","RQCW4005R1F","357799156611168/359088346611165","CELULAR"
"não","não","Monitor Dell P2222h","DELL","","BR-0VW2GP-TVB00-366-28UB","","MONITOR"
"não","não","Monitor Dell P2222h","DELL","","BR-0VW2GP-TVB00-366-29KB","","MONITOR"
"não","não","Monitor Dell P2222h","DELL","","BR-0VW2GP-TVB00-366-29GB","","MONITOR"
"não","não","Monitor Dell P2222h","DELL","","BR-0VW2GP-TVB00-366-285B","","MONITOR"
"sim","não","Notebook Dell Latitude 3420","DELL","AP Networks","D0RV9V3","037202","NOTEBOOK"
"não","não","Celular Samsung A54","SAMSUNG","","RQCW302TCVR","357799156072205/359088346072202","CELULAR"
"não","não","Celular Samsung  M54","SAMSUNG","","RQCW807THFV","353065223879772/356731583879770","CELULAR"
"não","não","Celular Samsung Galaxy M54 5G","SAMSUNG","","RQCW807TVJK","353065223883436/356731583883434","CELULAR"
"não","não","Celular Samsung Galaxy M54 5G","SAMSUNG","","RQCW8078ZTE","353065223862596/356731583862594","CELULAR"
"sim","não","Notebook Dell Latitude 3420","DELL","AP Networks","JNHNFT3","036709","NOTEBOOK"
"sim","não","Notebook Dell Latitude 3420","DELL","AP Networks","FZQV9V3","037208","NOTEBOOK"
"sim","não","Notebook Dell Latitude 3420","DELL","AP Networks","6QHNFT3","036705","NOTEBOOK"
"sim","não","Notebook Dell Latitude 3420","DELL","AP Networks","H0RV9V3","037210","NOTEBOOK"
"sim","não","Notebook Dell Latitude 3420","DELL","AP Networks","70RV9V3","037196","NOTEBOOK"
"sim","não","Notebook Dell Latitude 3420","DELL","AP Networks","DWQV9V3","037201","NOTEBOOK"
"sim","não","Notebook Dell Latitude 3420","DELL","AP Networks","DPHNFT3","036694","NOTEBOOK"
"não","não","Monitor Dell P2222h","DELL","","BR-0VW2GP-TVB00-38V-25LL","","MONITOR"
"não","não","Monitor Dell P2222h","DELL","","BR-OVW2GP-TVB00-38V-13PL","","MONITOR"
"não","não","Monitor Dell P2222h","DELL","","BR-0VW2GP-TVB00-38V-323L","","MONITOR"
"sim","não","Notebook Dell Latitude 3420","DELL","AP Networks","21RV9V3","037203","NOTEBOOK"
"sim","não","Notebook Dell Latitude 3420","DELL","AP Networks","FGHNFT3","036717","NOTEBOOK"
"não","não","Celular Samsung Galaxy M54 5G","SAMSUNG","","RQCW807TV5A","353065223883303/356731583883301","CELULAR"
"não","não","Celular Samsung Galaxy M54","SAMSUNG","","RQCW807TQSR","353065223882198/356731583882196","CELULAR"
"não","não","Monitor Dell P2222h","DELL","","BR-0VW2GP-TVB00-366-6KGB-A01","000684","MONITOR"
"não","não","Celular Samsung M54 ","SAMSUNG","","RQCWA0492VJ","353065224058079","CELULAR"
"sim","não","Notebook Dell 3420","DELL","AP Networks","D6YKKW3","037329","NOTEBOOK"
"sim","não","Notebook Dell Latitude 3420","DELL","AP Networks","B4YKKW3","037340","NOTEBOOK"
"sim","não","Notebook Dell Latitude 3420","DELL","AP Networks","HQQV9V3","037341","NOTEBOOK"
"sim","não","Notebook Dell Latitude 3420","DELL","AP Networks","D7YKKW3","037732","NOTEBOOK"
"sim","não","Notebook Dell Latitude 3420","DELL","AP Networks","1TQV9V3","037336","NOTEBOOK"
"não","não","Celular Samsung M54","SAMSUNG","","RQCWA0494RP","353065224058707","CELULAR"
"não","não","Monitor Dell P2222h","DELL","","BR-OVW2GP-TVB00-366-64HB-A01","","MONITOR"
"não","não","Monitor Dell P2222H","DELL","","BR-OVW2GP-TVB00-38T-5C2B-A01","","MONITOR"
"não","não","Monitor Dell P2222j","DELL","","BR-OVW2GP-TVB00-366-28UB-A01","","MONITOR"
"não","não","Monitor Dell P22222H","DELL","","BR-0VW2GP-TVB00-33N-4BQB","","MONITOR"
"não","não","Celular Samsung M54","SAMSUNG","","RQCWA09H5PD","353065224129045","CELULAR"
"não","não","Monitor Dell P2222H","SAMSUNG","","BR-0VW2GP-TVB00-38T-5DLB","","MONITOR"
"não","não","Monitor Dell P2722H","DELL","","VN-0MH1WM-WS700-365-483U","","MONITOR"
"não","não","Monitor Dell P2222h","DELL","","BR-OVW2GP-TVB00-38V-13PL-A01","","MONITOR"
"sim","não","Notebook Hp 250 G9","HP","AP Networks","BRM3296RCN","038090","NOTEBOOK"
"sim","não","Notebook Hp G8 250","HP","AP Networks","BRJ2514HNQ","036881","NOTEBOOK"
"sim","não","Notebook Hp 250 G8","HP","AP Networks","BRJ23311ZV","036816","NOTEBOOK"
"sim","não","Notebook Hp 250 G9","HP","AP Networks","BRM3296RD2","038091","NOTEBOOK"
"sim","não","Notebook Hp G9 250","HP","AP Networks","BRM33375DJ","038093","NOTEBOOK"
"sim","não","Notebook Hp G9 250","HP","AP Networks","BRM33375H0","038094","NOTEBOOK"
"sim","não","Notebook Hp G9 250","HP","AP Networks","BRM3296RCW","038092","NOTEBOOK"
"sim","não","Notebook Hp G9 250","HP","AP Networks","BRM3296RD5","038095","NOTEBOOK"
"não","não","Monitor DellP1917S","DELL","","BR-0KTF68-TVB00-85M-12KL-A06","","MONITOR"
"sim","não","Notebook Dell Latitude 3420","DELL","AP Networks","7WQV9V3","037225","NOTEBOOK"
"sim","não","Notebook Dell Latitude 3420","DELL","AP Networks","20RV9V3","037243","NOTEBOOK"
"sim","não","Notebook Dell Latitude 3420","DELL","AP Networks","C0RV9V3","037241","NOTEBOOK"
"sim","não","Notebook Dell Latitude 3420","DELL","AP Networks","7XQV9V3","037236","NOTEBOOK"
"sim","não","Notebook Dell Latitude 3420","DELL","AP Networks","72QV9V3","037229","NOTEBOOK"
"não","não","Monitor Dell P2722H","DELL","","VN-0MH1WM-WS700-36U-143U-A03","","MONITOR"
"não","não","Monitor Dell P2222H","DELL","","BR-0VW2GP-TVB00-366-29KB-A01","000938","MONITOR"
"não","não","Celular Samsung M54","SAMSUNG","","RQCWA09HMLP","353065224134292","CELULAR"
"sim","não","Notebook Dell Latitude 3420","DELL","AP Networks","40RV9V3","037228","NOTEBOOK"
"sim","não","Notebook Dell Latitude 3420","DELL","AP Networks","7ZQV9V3","037229","NOTEBOOK"
"sim","não","Notebook Dell Latitude 3420","DELL","AP Networks","J0RV9V3","037233","NOTEBOOK"
"não","não","Celular Samsung M54","SAMSUNG","","RQCWA09YRAY","353065224169975/356731584169973","CELULAR"
"sim","não","Notebook Dell latitude 3420","DELL","AP Networks","G0RV9V3","037231","NOTEBOOK"
"sim","não","Notebook Dell Latitude 3420","DELL","AP Networks","80RV9V3","","NOTEBOOK"
"não","não","Monitor Dell P2222h","DELL","","CN-0X3PK1-WSL00-39Q-EQLL-A01   ","","MONITOR"
"não","não","Monitor Dell P2222h","DELL","","CN-0X3PK1-WSL00-39R-A7YL-","","MONITOR"
"não","não","Monitor Dell P2222H","DELL","","BR-OVW2GP-TVB00-271-4J5B-A01","","MONITOR"
"sim","não","Notebook Dell Latitude 3420","DELL","AP Networks","D7KKW3","037332","NOTEBOOK"
"sim","não","Notebook Dell Latitude 3420","DELL","AP Networks","8XQV9V3","037239","NOTEBOOK"
"sim","não","Notebook Dell Latitude 3420","DELL","AP Networks","3XQV9V3","037234","NOTEBOOK"
"sim","não","Notebook Dell Latitude 3420","DELL","AP Networks","CWQV9V3","037226","NOTEBOOK"
"sim","não","Notebook Dell Latitude 3420","DELL","AP Networks","DZQV9V3","037237","NOTEBOOK"
"não","não","Monitor Dell P2222H","DELL","","CN-0X3PK1-WSL00-39R-A7PL","","MONITOR"
"não","não","Monitor Dell P2222h","DELL","","CN-0X3PK1-WSL00-39Q-E0VL","000940","MONITOR"
"não","não","M10 3rd Gen","LENOVO","","HA1Y28BD","","TABLET"
"não","não","Celular Samsung Galaxy M54","SAMSUNG","","RQCWC02J0DR","353065224459756","CELULAR"
"não","não","Samsung Galaxy M54","SAMSUNG","","RQCWB05R2GR","353065224312732","CELULAR"
"não","não","Samsung Galaxy S21 FE","SAMSUNG","","RQCT701LCDF","351331721107435","CELULAR"
"sim","não","Notebook Dell Latitude 5490","DELL","Selbetti","FK9JDQ2","PTL8","NOTEBOOK"
"sim","não","Notebook Dell Latitude 5490","DELL","Selbetti","PTL9","SELB-PTL9","NOTEBOOK"
"sim","não","Notebook Dell Vostro 3510","DELL","Selbetti","2QL31LQ3","KYS7","NOTEBOOK"
"não","não","Celular Samsung Galaxy M54","SAMSUNG","","RQCX200GYQT","354091573657492","CELULAR"
"não","não","Samsung Galaxy M54","SAMSUNG","","RQCX200GY2K","354091573657278","CELULAR"
"sim","não","Notebook Dell Latitude 3420","DELL","AP Networks","9WQV9V3","037197","NOTEBOOK"
"sim","não","Notebook Dell Latitude 3420","DELL","AP Networks","CSQV9V3","037338","NOTEBOOK"
"não","não","Celular Samsung Galaxy M54 5G","SAMSUNG","","RQCX201P7NB","353065224639506/356731584639504","CELULAR"
"não","não","Monitor Dell p2222h","DELL","","BR-0VW2GP-TVB00-271-4JRB-A01","","NOTEBOOK"
"sim","não","Notebook Dell Latitude 3420","DELL","AP Networks","3ZQV9V3","037240","NOTEBOOK"
"não","não","Monitor Dell P2222H","DELL","","CN-0X3PK1-WSL00-382-ESDL-A01","","MONITOR"
"sim","não","Notebook Dell Latitude 3420","DELL","AP Networks","FVQV9V3","037238","NOTEBOOK"
"não","não","Celular Samsung Galaxy M54","SAMSUNG","","RQCX201NYNN","353065224636536","CELULAR"
"não","não","Monitor Dell P2222H","DELL","","CN-0X3PK1-WSL00-382-E7HL-A01","","MONITOR"
"não","não","Monitor Dell P1917s","DELL","","BR-0KTF68-TVB00-85M-08NL-A06","000937","MONITOR"
"não","não","Monitor Dell P1917s","DELL","","CN-02PWVC-TV100-9BB-25QL-A12","000970","MONITOR"
"sim","não","Notebook Dell Latitude 3420","DELL","AP Networks","C4YKKW3","037334","NOTEBOOK"
"sim","não","Notebook Dell Latitude 5420","DELL","AP Networks","FP69VQ3","035976","NOTEBOOK"
"sim","não","Notebook Dell Latitude 5420","DELL","AP Networks","CT69VQ3","035970","NOTEBOOK"
"sim","não","Notebook Dell Latitude 5420","DELL","AP Networks","JN69VQ3","035963","NOTEBOOK"
"sim","não","Notebook Dell Latitude 3420","DELL","AP Networks","1SQV9V3","037328","NOTEBOOK"
"não","não","Celular Samsung M54","SAMSUNG","","RQCX206796T","353065224681607/356731584681605","CELULAR"
"não","não","Celular Samsung M54","SAMSUNG","","RQCX2066YHZ","353065224678082","CELULAR"
"sim","não","Notebook Dell Latitude 5420","DELL","AP Networks","FP69V9V3","035976","NOTEBOOK"
"sim","não","Notebook Dell Latitude 3420","DELL","AP Networks","BWQV9V3","037244","NOTEBOOK"
"sim","não","Notebook Dell Latitude 3420","DELL","AP Networks","HZQV9V3","037227","NOTEBOOK"
"não","não","Notebook Dell E2222HS","DELL","","BR-04VR43-TVB00-42F-467Z-A05","9LTWGR3","MONITOR"
"não","não","Monitor Dell P2222h","DELL","","BR-0VW2GP-TVB00-38T-5GKB-A01","","MONITOR"
"não","não","Monitor Dell P2018H","DELL","","BR-00CPG-TVB00-1AG-1K1U-A13","","MONITOR"
"não","não","Monitor Dell P2222h","DELL","","BR-0VW2GP-TVB00-42F-28HB","","MONITOR"
"sim","não","Notebook Lenovo B330","DELL","AP Networks","PE05OZYN","","NOTEBOOK"
"não","não","Monitor Dell E2222HS","DELL","","BR-O4VR43-TVB00-42F-49CZ-A05","9Z8XGR3","MONITOR"
"não","não","Monitor Dell E2222HS","DELL","","BR-04VR43-TVB00-42S-15TU-A05","","MONITOR"
"não","não","Monitor Dell P2222H","DELL","","BR-0V4VR43-TVB00-33L-078Z","","MONITOR"
"sim","não","Notebook Dell Latitude 3420","DELL","AP Networks","C3YKKW3","037331","NOTEBOOK"
"não","não","Monitor Dell P2222h","DELL","","BR-OVW2GP-TVB00-42F-0O8B","","MONITOR"
"sim","não","Notebook Dell Latitude 3420","DELL","AP Networks","75YKKW3","037330","NOTEBOOK"
"sim","não","Notebook Dell Latitude 5420","DELL","AP Networks","HP69VQ3","035972","NOTEBOOK"
"sim","não","Notebook Dell Latitude 5420","DELL","AP Networks","CS69VQ3","036003","NOTEBOOK"
"sim","não","Notebook Dell Latitude 5420","DELL","AP Networks","BR69VQ3","035995","NOTEBOOK"
"sim","não","Notebook Dell Latitude 5420","DELL","AP Networks","D6032S3","035969","NOTEBOOK"
"sim","não","Notebook Dell Latitude 5420","DELL","AP Networks","JP69VQ3","035974","NOTEBOOK"
"sim","não","Notebook Dell Latitude 5420","DELL","AP Networks","2P69VQ3","035982","NOTEBOOK"
"não","não","Monitor Dell P2222h","DELL","","BR-0VW2GP-TVB00-42F-0PPB","","MONITOR"
"sim","não","Notebook Hp 250 G9","HP","AP Networks","BRM4069C46","039315","NOTEBOOK"
"não","não","Celular Samsung M54 5G","SAMSUNG","","RQCX206X10M","354091573688190","CELULAR"
"não","não","Monitor Dell P2222h","DELL","","BR-0VW2GPTVB00-42F-0PHB","","MONITOR"
"não","não","Monitor Dell P2222h","DELL","","BR-0VW2GP-TVB00-32R-2FJL-A01","","MONITOR"
"não","não","Celular Samsung M54","SAMSUNG","","RQCX207G10X","354091573703809","CELULAR"
"sim","não","Notebook Dell Latitude 5420","DELL","AP Networks","GN69VQ3","035980","NOTEBOOK"
"sim","não","Notebook Dell Latitude 5420","DELL","AP Networks","9Q69VQ3","035994","NOTEBOOK"
"sim","não","Notebook Dell Latitude 5420","DELL","AP Networks","9N69VQ3","035964","NOTEBOOK"
"sim","não","Notebook Dell Latitude 5420","DELL","AP Networks","4Q69VQ3","035956","NOTEBOOK"
"sim","não","Notebook Dell Latitude 5420","DELL","AP Networks","9P69VQ3","035984","NOTEBOOK"
"sim","não","Notebook Dell Latitude 5420","DELL","AP Networks","5N69VQ3","035967","NOTEBOOK"
"não","não","Celular Samsung M54 5G","SAMSUNG","","RQCX206X15L","354091573688240/358078553688247","CELULAR"
"sim","não","Notebook Dell Latitude 5420","DELL","AP Networks","4P69VQ3","035960","NOTEBOOK"
"sim","não","Notebook Dell Latitude 5420","DELL","AP Networks","8S69VQ3","035997","NOTEBOOK"
"não","não","Celular Samsung Galaxy A54","SAMSUNG","","RQCX207QG4D","357799159798673","CELULAR"
"sim","não","Notebook Dell Inspiron 5420","DELL","AP Networks","BT69VQ3","035985","NOTEBOOK"
"não","não","Monitor Dell P2222h","DELL","","BR-0VW2GP-TVB00-42J-2TKL-A01","4GL6ZM3","MONITOR"
"sim","não","Notebook Dell Latitude 3420","DELL","AP Networks","DSYKKW3","0373333","NOTEBOOK"
"não","não","Monitor Dell P2222h","DELL","","BR-0VW2GP-TVB00-42F-169B-A01","","MONITOR"
"sim","não","Notebook Dell Latitude 5420","DELL","AP Networks","1P69VQ3","036006","NOTEBOOK"
"não","não","Monitor Dell P2222h","DELL","","BR-OVW2GP-TVB00-43F-0NBB-A01","","MONITOR"
"não","não","Celular Samsung Galaxy A54","SAMSUNG","","RQCX200A7ZV","356544393097875","CELULAR"
"sim","não","Notebook Dell Latitude 5420","DELL","AP Networks","FS032S3","035987","NOTEBOOK"
"não","não","Celular Samsung Galaxy A54","SAMSUNG","","RQCX200A96H","356544393098279","CELULAR"
"sim","não","Notebook Dell Latitude 5420","DELL","AP Networks","FN69VQ3","036000","NOTEBOOK"
"sim","não","Lenovo Thinkpad E14 Gen2","LENOVO","AP Networks","PE08SSVF","035274","NOTEBOOK"
"não","não","Celular Samsung Galaxy A54","SAMSUNG","","RQCX206E9NW","356544393342271/357372673342277","CELULAR"
"não","não","Celular Samsung Galaxy A54","SAMSUNG","","RQCX207503B","356544393443970/357372673443976","CELULAR"
"sim","não","Notebook Dell Latitude 5420","DELL","AP Networks","BRP69VQ3","035962","NOTEBOOK"
"não","não","Celular Samsung Galaxy S21 FE","SAMSUNG","","RQCT701LDJT","351331721107815/352523241107817","CELULAR"
"sim","não","Notebook Dell Latitude 5420","DELL","AP Networks","36032S3","035968","NOTEBOOK"
"não","não","Monitor Dell P1917s","DELL","","BR-OKTF68-TVB00-BCA-10JL-A06","","MONITOR"
"não","não","Celular Samsung A54 5G","SAMSUNG","","RQCX200AAJD","356544393098725/357372673098721","CELULAR"
"sim","não","Notebook DELL Latitude 5420","DELL","AP Networks","4N69VQ3","035996","NOTEBOOK"
"não","não","Celular Motorola Moto G8 Power lite","MOTOROLA","","0068523704","","CELULAR"
"sim","não","Notebook DELL Latitude 5420 ","DELL","AP Networks","FT69VQ3","035999","NOTEBOOK"
"sim","não","Notebook DELL Latitude 5420","DELL","AP Networks","G6032S3","035992","NOTEBOOK"
"sim","não","Notebook DELL Latitude 5420","DELL","AP Networks","25032S3","035975","NOTEBOOK"
"sim","não","Notebook DELL Latitude 5420","DELL","AP Networks","2Q69VQ3","035977","NOTEBOOK"
"sim","não","Notebook Lenovo ThinkPad T14","LENOVO","AP Networks","PE0AXMBM","037735","NOTEBOOK"
"não","não","Monitor DELL P2222H","DELL",""," BR-0VW2GP-TVB00-274-0MML-A01","","MONITOR"
"sim","não","Notebook Lenovo Thinkpad T14","LENOVO","AP Networks","PE0AXMBC","037734","NOTEBOOK"
"sim","não","Notebook DELL Latitude 5420","DELL","AP Networks","HS69VQ3","035991","NOTEBOOK"
"não","não","Monitor Dell SE2216H","DELL","","BR-0H5MNV-TVB00-1AKB6RI-A03","D9X20D3","MONITOR"
"não","não","Celular Samsung S20 FE","SAMSUNG","","RXCT8004NMR","350456241769264","CELULAR"
"não","não","Celular Samsung Galaxy S21 FE","SAMSUNG","","RQCT701LCJR","","CELULAR"
"não","não","Monitor DELL P2222H","DELL","","BR-0VW2GP-TVB00-42F-177B","7JQ7ZM3","MONITOR"
"não","não","Monitor DELL P1917S ","DELL","","CN-02PWVC-TV100-23D-1BBB-A19","JBQGZL3","MONITOR"
"não","não","Monitor DELL P1917S","DELL","","BR-0KTF68-TVB00-88H-08IL-A06","","MONITOR"
"sim","não","Notebook Dell Latitude 5420","DELL","AP Networks","3P69VQ3","036004","NOTEBOOK"
"não","não","Monitor Dell P1917S","DELL","","BR-0KTF68-TVB00-86J-OQDL-A06","","MONITOR"
"não","não","Celular Samsung Galaxy M55","SAMSUNG","","R9QX8053SJF","","CELULAR"
"não","não","Celular Samsung Galaxy M55","SAMSUNG","","R9QX8053RTV","","CELULAR"
"não","não","Celular Samsung Galaxy M55 - SM-M556B","SAMSUNG","","R9QX8053NYJ","","CELULAR"
"não","não","Monitor Dell P2222H","DELL","","BR-0VW2GP-TVB00-43F-37PL-A01","","MONITOR"
"não","não","Monitor Dell P2222H","DELL","","BR-0VW2GP-TVB00-42J-2TGL-A01","","MONITOR"
"sim","não","Notebook Lenovo Thinkpad T14 ","LENOVO","AP Networks","PE08SSV5","035277","NOTEBOOK"
"sim","não","Notebook Lenovo Thinkpad T14","LENOVO","AP Networks","PE08SSV0","035273","NOTEBOOK"
"não","não","Monitor DELL P1917s","DELL","","CN-02PWVC-TV100-9B8-2SLL-A12","","MONITOR"
"sim","não","Notebook HP G9 250 ","HP","AP Networks","BRM4089H4R","039309","NOTEBOOK"
"não","não","Monitor DELL P2222H","DELL","","BR-0VW2GP-TVB00-42F-0RTB-A01","F3W8ZM3","MONITOR"
"não","não","Celular Samsung Galaxy SM-M556B","SAMSUNG","","R9QX8053RYT","","CELULAR"
"não","não","Samsung Galaxy SM-M556B","SAMSUNG","","R9QX8053PCZ","","CELULAR"
"não","não","Samsung Galaxy SM-M556B","SAMSUNG","","R9QX8053S5J","","CELULAR"
"sim","não","Notebook Dell Latitude 3420","DELL","AP Networks","7SHNFT3","036689","NOTEBOOK"
"não","não","Samsung Galaxy SM-M556B","SAMSUNG","","R9QX8053S0K","","CELULAR"
"sim","não","Notebook Lenovo Thinkpad T14","LENOVO","AP Networks","PE08SS83","035430","NOTEBOOK"
"não","não","Monitor Dell P2222h","DELL","","BR-0VW2GP-TVB00-42F-28SB-A01","","MONITOR"
"sim","não","Notebook Lenovo Thinkpad T14","LENOVO","AP Networks","PE08SSTV","035276","NOTEBOOK"
"sim","não","Monitor Dell P2222H","DELL","AP Networks","BR-0VW2GP-TVB00-42F-0RUB-A01","","MONITOR"
"não","não","Celular Samsung Galaxy SM-M556B","SAMSUNG","","R9QX8053QWE","","CELULAR"
"não","não","Celular Samsung Galaxy SM-M556B","SAMSUNG","","R9QX8053PKW","","CELULAR"
"não","não","Celular Samsung Galaxy SM-M556B","SAMSUNG","","R9QX805387Y","","CELULAR"
"não","não","Celular Samsung Galaxy A54 SM-A546E","SAMSUNG","","RQCX207SQ5B","","CELULAR"
"não","não","Monitor Dell P2222H","DELL","","BR-0VW2GP-TVB00-42F-0LUB-A01","","MONITOR"
